keyword,list_163
г,1
HUI,1
йF,1
̫JI,1
ZHU,1
,1
tai du,1
,1
SB,1
cao,1
,1
ض,1
ض,1
,1
,1
,1
̨,1
Tibet free,1
free Tibet,1
shit,1
kao,1
,1
ȫ,1
,1
й,1
,1
,1
,1
sb,1
ɵ,1
Ҳ,1
,1
¼ұ,1
fuck,1
SB,1
,1
,1
,1
,1
ĸ,1
B,1
,1
ݼҲ,1
ӹ,1
,1
,1
,1
¿B,1
Ҳ,1
Ͻ ,1
,1
ԭ,1
,1
˲Ⱥ,1
,1
ΰ,1
ѷ,1
,1
Ұ,1
ɽ,1
,1
,1
,1
̰,1
֣,1
,1
,1
ֹ,1
,1
Ĵѧ,1
õ,1
é޶,1
Ŀ,1
ͽ,1
,1
庣,1
¿,1
,1
,1
,1
64ѧ,1
64ѧ,1
׾,1
Ԭ,1
89ѧ,1
89ѧ,1
89,1
64˶,1
89˶,1
,1
,1
89¼,1
64¼,1
ҵ,1
,1
,1
־,1
,1
,1
,1
,1
,1
Ԫ,1
廪,1
,1
˰,1
е ,1
Ʒ,1
ŮѨ,1
,1
й,1
ͻʸ,1
,1
Ȩʥ,1
ƻ,1
ϣ,1
׷,1
־,1
ʥ,1
ѹͼƬ,1
ѧ,1
ѧ,1
˾ѧ,1
˾ѧ,1
˾,1
˶,1
˾˶,1
¼,1
,1
˼,1
й̨,1
й,1
򵹹,1
֮,1
ʼķ,1
ƽ,1
һ,1
,1
ͳһ,1
̨,1
,1
Ȩ,1
쵼,1
,1
,1
ϵ,1
,1
,1
,1
º,1
±,1
,1
ٳ־,1
޽,1
,1
Ʒй,1
߹Ů,1
,1
,1
г,1
610칫,1
Ӱռ,1
Խǽ,1
йαȨ,1
й,1
ը֤,1
㳡ϵѪ,1
찲,1
𹲲,1
йɵ,1
ʮ,1
Ϻ,1
򵹹,1
,1
̨,1
Ʒ,1
Ԥ쵼,1
ܵ,1
ǿӰ,1
յӰ,1
,1
½Ӱ,1
ը֤,1
°ٰ˳,1
ά,1
Ѷ,1
ʵ,1
ȫļԪ,1
߲Ȩ֮,1
λ˽,1
Ը,1
㳡ϵѪ,1
йñ,1
߸ӵ,1
,1
νӰ,1
,1
޵̨,1
߹ٻӻ,1
й,1
찲ĸ˶,1
Ʒй,1
\д,1
GCD,1
½,1
ƾ,1
,1
Ԭӥ,1
,1
,1
,1
,1
ϵ,1
,1
ּ,1
,1
,1
Է,1
,1
ë,1
Ȫ,1
,1
,1
շ,1
ճ,1
ѡ,1
,1
ղ,1
,1
,1
,1
,1
ʾ,1
,1
,1
,1
ʳ,1
ƽ,1
,1
,1
,1
,1
й,1
չ,1
޸,1
ƾ,1
,1
Ϸ,1
Ϻ,1
άȨ,1
ʳ,1
,1
,1
ؽ,1
,1
,1
,1
,1
,1
,1
,1
,1
,1
׹,1
F,1
,1
Ԥ,1
,1
Ȫ,1
̫ӵ,1
,1
ƻ,1
Ӷ,1
Ϻ,1
ǳ,1
־,1
¹,1
ŵ½,1
ʮߴ,1
ë,1
˼,1
˹,1
,1
,1
,1
ǹ,1
Ա,1
־,1
Ӥ,1
,1
,1
,1
,1
Ȩ,1
ұ,1
ܸմ,1
,1
,1
־Ը,1
,1
,1
ԾȻ,1
ëϯ,1
찲,1
̬,1
ܰ,1
˳,1
ɽ,1
,1
Сƽ,1
ϰƽ,1
Դ,1
ǿ,1
־,1
,1
ʮ˴,1
Ϻ,1
,1
,1
Ӣ,1
,1
е,1
,1
عǿ,1
,1
,1
,1
үү,1
,1
Ӷ,1
,1
,1
ɣƝ,1
,1
,1
,1
Ƽ,1
,1
˹,1
,1
,1
Ű,1
¼ұ,1
κ,1
,1
һ,1
,1
,1
¼ӱ,1
㵺,1
,1
,1
孺,1
ʮǰ,1
߹ٻ,1
ٳ,1
֮,1
Ȩ,1
һר,1
,1
ը,1
ը,1
ǹ,1
ǹ֧,1
³ʯ,1
ư,1
,1
غ,1
֮,1
ؾ,1
άٿ,1
BBC,1
¹֮,1
ʱ,1
,1
ѩɽʨ,1
°,1
޵̨,1
߲±䶯,1
㳡ϵѪ,1
netease,1
163,1
˽,1