keyword,list_blogprovider
,1
ҽ,1
˾,1
,1
ͺ,1
,1
,1
Ƥ,1
,1
,1
ͮ,1
,1
,1
ǵ̳,1
,1
,1
֮,1
̳,1
Ѷ,1
̳,1
ض,1
ܳ,1
ܸմ,1
,1
,1
±,1
¾,1
,1
ƿ,1
ϣͬ,1
Сͬ,1
,1
һ,1
ͳ,1
̿,1
,1
,1
ٺ,1
ֲͬ,1
,1
໯,1
̳,1
,1
ο,1
,1
Ԫ,1
Ԫ,1
԰,1
̳,1
ʷ,1
ʷ,1
ʷ,1
й̳,1
л̳,1
,1
,1
,1
ǻ,1
Цƶ,1
,1
½̻,1
¿,1
,1
Ĵ,1
å,1
㵺,1
ظ,1
Ԫ,1
,1
,1
ʱ,1
ʱ,1
̸,1
,1
˹̹,1
ϱ̳,1
,1
,1
,1
,1
̨,1
Ǹ,1
ά,1
,1
,1
,1
,1
,1
,1
,1
,1
,1
,1
,1
ʮʮ,1
ʮʮ,1
,1
ع,1
,1
̳,1
,1
,1
ܼƣ,1
,1
,1
֮,1
,1
̳,1
쳵,1
,1
ּ,1
,1
̫ƽ,1
,1
̳,1
ӵ,1
ɱ,1
붫,1
Ӣ,1
չǧַ,1
,1
,1
־,1
߹,1
ǫ,1
н,1
հ,1
,1
,1
,1
蹦̵,1
,1
˳,1
,1
,1
,1
,1
,1
,1
,1
׿,1
ͨ,1
,1
,1
޻,1
ƽ,1
һ,1
Ұȫ,1
һ,1
,1
,1
,1
,1
,1
ε,1
,1
,1
,1
ɫֲ,1
귨,1
鴫,1
,1
ʤ,1
־,1
,1
,1
,1
,1
,1
ƽ,1
,1
,1
,1
,1
ͨʱ̳,1
ժ,1
̳,1
ʱ̳,1
ƴƼ,1
ƻ,1
ƾ,1
ƾա,1
,1
񱩶,1
ڹ,1
ëĻ,1
ʤ,1
˹,1
,1
,1
͢,1
̨,1
,1
core,1
˵,1
å,1
,1
,1
,1
Ϸ,1
,1
,1
,1
,1
,1
,1
,1
,1
ϱ,1
ϯ,1
,1
,1
,1
,1
,1
,1
ϱ,1
,1
Ժ,1
Ӱ,1
,1
Ң,1
,1
,1
,1
־,1
й,1
,1
,1
Ͷ,1
͸,1
ͽ,1
Ͻ,1
ë,1
,1
谲,1
,1
ʦ,1
ǻ,1
,1
־,1
,1
,1
,1
,1
ʦ,1
¼,1
»,1
,1
,1
,1
,1
,1
ı,1
С,1
С,1
,1
־,1
,1
ͳ,1
ʤ,1
,1
̳,1
,1
,1
,1
ϵ,1
̳,1
й,1
,1
ᱨ,1
,1
,1
ֱ,1
ֳʢ,1
,1
,1
,1
,1
,1
,1
,1
,1
,1
,1
ǧʯ,1
,1
ɽ,1
ʿ,1
ʤ,1
,1
,1
,1
,1
,1
,1
½ί,1
,1
,1
չ,1
׹,1
ִ,1
ֹ,1
ּ,1
޸,1
ʫ,1
ά,1
,1
,1
ʱ,1
,1
ë޶,1
ëƬ,1
ë,1
ο,1
֮,1
ɶ,1
ɹŶ,1
Ѩ,1
,1
,1
,1
,1
,1
̳,1
,1
,1
,1
,1
ǽ,1
ì,1
,1
Īΰǿ,1
ľϬ,1
ľ̳,1
ϴ̳,1
,1
,1
˵˵̳,1
˹ƽ,1
ĭ,1
Ⱥ,1
,1
ī,1
Ǯ,1
Ǯ,1
Ǯ,1
,1
ʯ,1
,1
,1
ձ,1
ؽ,1
,1
ۿѶ,1
鸾,1
,1
ȫ,1
ȱ,1
վ,1
,1
,1
ʵ,1
̳֮,1
Ȩ,1
,1
߽,1
ʿڴѧ,1
ɫ,1
ƶб,1
Ϻ,1
Ϻ¶Ժ,1
ۼҽ,1
侫,1
ͨӳַ,1
ͮ,1
,1
ʢ,1
ʢѩ,1
ʦ,1
ʯ,1
ʱ̳,1
ʱ̳,1
羭õ,1
ʵ,1
˫ʮ,1
ˮ,1
˰,1
˾,1
˾,1
˾ͽ,1
˹ŵ,1
Ĵ,1
xx,1
ƽ,1
Ԫ,1
Ӣ,1
,1
,1
̨,1
̨,1
̨,1
̨幷,1
̨彨˶֯,1
̨,1
̨,1
̨,1
̫ӵ,1
,1
ư,1
ƽ,1
,1
찲¼Ӱ,1
찲¼,1
찲ɱ,1
찲һ,1
ŭ,1
,1
ͯ,1
ͳ,1
ͳ̳,1
ͳս,1
ɱ,1
⽻̳,1
⽻뷽,1
,1
ά̳,1
,1
,1
ɭ,1
,1
,1
,1
,1
,1
,1
,1
,1
,1
,1
,1
,1
,1
ϣ,1
,1
ұƺ,1
,1
ξ,1
κ,1
κ,1
¼ұ,1
Ԫ,1
ĸ,1
޽,1
,1
,1
ⷽ,1
,1
,1
,1
ʻ,1
ѧ,1
ѧ,1
ϣ,1
岻,1
鷲,1
,1
ض,1
ϴ,1
,1
,1
С,1
Сο,1
Фǿ,1
а,1
л͢,1
лѡ,1
л֮,1
,1
¹۲̳,1
»ٱ,1
»,1
»̳ͨ,1
½,1
,1
ŷ,1
˿,1
Σ,1
,1
,1
,1
,1
,1
ź,1
,1
ˮ,1
,1
Ѧΰ,1
ѧ,1
ѧ,1
ѧϰ,1
ѧ,1
ѧ,1
ѩɽʨ,1
ϼ,1
ϼ,1
,1
,1
ڲ,1
,1
,1
Ρ,1
,1
,1
Ҧǫ,1
ҹϽ,1
һһ̨,1
,1
ෲ,1
ʿ,1
ʿ,1
׵,1
־,1
Ѩ,1
,1
ϲ,1
,1
׳,1
Ů,1
ڴ,1
ںƳ,1
Ӣʱ,1
,1
۷,1
,1
Բ,1
Զ־,1
,1
ʮ,1
,1
,1
,1
,1
,1
,1
Ų,1
Ÿ,1
ź걤,1
Ž,1
,1
,1
ΰ,1
Ѹ,1
־,1
Ժ,1
,1
Ʒº,1
΢,1
,1
,1
,1
,1
,1
ѹ,1
̳,1
,1
嵳̳,1
֣,1
֣Դ,1
Ȩ,1
η,1
η,1
֧,1
ָ㽭ɽ̳,1
ж߽,1
й,1
й,1
й̳,1
й¶Ժ,1
йƽ,1
й̳,1
й,1
й̳,1
йв,1
й̳,1
йʵ,1
й֮,1
й,1
л,1
л,1
л,1
л,1
лʵʵ˵,1
ла,1
лʱ,1
лǹ,1
лʵ,1
ɽ̳,1
ܶ,1
ܷ,1
취,1
,1
,1
,1
ë,1
ݻ,1
ܼ,1
F,1
,1
ë,1
ë1,1
,1
ר,1
ת,1
Է,1
,1
ѵĹ,1
,1
̳,1
˽,1
,1
4.25,1
6.4,1
7.22,1
64,1
89,1
425,1
722,1
1989,1
4-Jun,1
21й,1
6-4tianwang,1
89-64cdjp,1
av,1
bignews,1
boxun,1
chinaliberal,1
chinamz,1
chinesenewsnet,1
cnd,1
creaders,1
dafa,1
dajiyuan,1
dfdz,1
dpp,1
falu,1
falun,1
falundafa,1
fa,1
flg,1
freechina,1
freedom,1
freenet,1
fuck,1
GCD,1
gcd,1
hongzhi,1
hrichina,1
huanet,1
hypermart.net,1
incest,1
jiangdongriji,1
lihongzhi,1
making,1
minghui,1
minghuinews,1
nacb,1
naive,1
nmis,1
paper64,1
peacehall,1
playboy,1
renminbao,1
renmingbao,1
rfa,1
safeweb,1
sex,1
simple,1
svdc,1
taip,1
tibetalk,1
triangle,1
triangleboy,1
UltraSurf,1
unixbox,1
ustibet,1
voa,1
voachinese,1
wangce,1
wstaiji,1
xinsheng,1
yuming,1
zhengjian,1
zhengjianwang,1
zhenshanren,1
zhuanfalun,1
lun,1
ze,1
,1
й,1
־,1
ֹ,1
,1
ë,1
Сƽ,1
,1
ʮ,1
16,1
Ʒ,1
,1
̨,1
hongzhi,1
lihongzhi,1
minghui,1
minghuinews,1
freechina,1
4-Jun,1
,1
,1
,1
,1
,1
,1
۹,1
۹,1
׹,1
,1
,1
,1
չ,1
չ,1
,1
*,1
ֹ,1
,1
,1
ʦ,1
,1
־,1
,1
,1
ͳ,1
ǻ,1
,1
,1
ϱ,1
ϱ,1
ϯ,1
,1
,1
,1
,1
,1
Ϸ,1
ë,1
,1
찲ɱ,1
̫ӵ,1
ˮ,1
,1
ݻ,1
F,1
,1
ë,1
й,1
,1
ɵB,1
ɵ,1
,1
Ҳ,1
,1
,1
,1
ٱ,1
ٱ,1
,1
,1
,1
b,1
B,1
,1
,1
,1
,1
,1
b,1
B,1
ñ,1
ñ,1
󻨱,1
,1
,1
,1
,1
ɵ,1
,1
B,1
CDMA,1
Сͨ,1
ɫֻ,1
йƶͨ,1
cdma,1
130,1
133,1
1 3 0,1
1 3 3,1
ض,1
,1
,1
̨,1
,1
,1
,1
,1
,1
,1
۹,1
۹,1
׹,1
,1
,1
,1
չ,1
չ,1
,1
*,1
ֹ,1
,1
,1
,1
,1
,1
չǧַ,1
,1
,1
־,1
񱩶,1
˵,1
,1
,1
,1
ϱ,1
,1
,1
ϱ,1
ֹ,1
ë޶,1
ë,1
ɶ,1
ɹŶ,1
ͨӳַ,1
Ĵ,1
̨,1
̨幷,1
̫ӵ,1
찲¼Ӱ,1
찲¼,1
찲ɱ,1
찲һ,1
ض,1
»,1
½,1
һһ̨,1
ȥع,1
ͨ,1
ƶ,1
,1
ĸ,1
,1
,1
,1
ɵB,1
ɵ,1
fuck,1
shit,1
,1
,1
bitch,1
,1
Ҳ,1
,1
,1
,1
,1
ٵ,1
,1
ɵB,1
,1
ɵ,1
С,1
ǿ,1
,1
Ҳ,1
Ⱥ,1
,1
侫,1
,1
,1
,1
غ,1
Ƥ,1
ͷ,1
,1
,1
,1
,1
,1
ʮ,1
Ҳ,1
,1
ٵ,1
,1
ٱ,1
ٱ,1
,1
,1
,1
b,1
B,1
Һ,1
,1
깫,1
ƨ,1
,1
,1
ȥ,1
,1
,1
,1
,1
,1
û,1
Ь,1
,1
,1
,1
,1
,1
,1
b,1
B,1
,1
,1
ɧ,1
ɧ,1
ּ,1
ñ,1
ñ,1
ʺ,1
Ů,1
м,1
ţ,1
ţ,1
,1
,1
ˮ,1
,1
,1
,1
󻨱,1
,1
,1
,1
,1
,1
,1
Խ,1
ؽ,1
鷿,1
,1
ɵ,1
,1
B,1
B,1
,1
ض,1
,1
,1
չ,1
,1
׹,1
,1
,1
۹,1
۹,1
,1
,1
,1
,1
չ,1
,1
,1
,1
,1
,1
־,1
,1
˵,1
Ϸ,1
,1
,1
,1
ϱ,1
,1
,1
ϱ,1
ֹ,1
ë޶,1
ë,1
ɶ,1
ɹŶ,1
Ĵ,1
̨,1
̨幷,1
̫ӵ,1
찲,1
ض,1
½,1
ȥ,1
,1
,1
Ծ,1
Ϸ,1
й,1
,1
ʧ,1
,1
,1