keyword,list_condop
Ϻ,1
羭õ,1
̸,1
˹̹,1
ʱ,1
ϼ,1
,1
֮,1
̳֮,1
,1
չǧ,1
ʹͽĻ,1
˾,1
,1
,1
,1
̬,1
ʮʮ,1
ժ,1
ʱ,1
ͨʱ,1
ϴ̳,1
Ѷ,1
,1
̳,1
,1
̨彨˶֯,1
̨,1
̨,1
ƶб,1
,1
ͼ¹,1
½̻,1
,1
⽻뷽,1
ά,1
л̳,1
,1
ο,1
԰,1
찲¼,1
,1
̫ӵ,1
ѧ,1
ѧ,1
ѧ,1
ӵ,1
ɹ,1
ӰL,1
־,1
ʿ,1
ʿ,1
С,1
־,1
ҵķܶ,1
սⱮ,1
,1
,1
½,1
˿,1
ŷ,1
޽,1
,1
ܳ,1
ľ̳,1
ľϬ,1
,1
,1
,1
ĸ˶,1
,1
,1
,1
,1
,1
,1
ʮ,1
,1
,1
,1
ϴ,1
ʤ,1
,1
,1
վ,1
̨,1
,1
,1
,1
,1
ʢѩ,1
й,1
˹,1
Ԫ,1
,1
,1
ʫ,1
֮,1
Ⱥ,1
,1
,1
ɫ,1
԰,1
,1
,1
Χ̻,1
ض,1
,1
ֹ,1
ʮ,1
ִ,1
ۿѶ,1
,1
Ⱥ,1
Ⱥ,1
˷ɻ,1
,1
㵺,1
,1
һ,1
,1
طԶ,1
йܼ,1
ɵ,1
,1
ǫ,1
հ,1
,1
κ,1
ͮ,1
ëĻ,1
ƻ,1
谲,1