keyword,LINE
198964,1
FLG,1
GCD,1
GFW,1
18,1
38,1
˾,1
,1
ͮ,1
,1
,1
,1
,1
,1
,1
,1
,1
ϵ,1
,1
ƽ,1
,1
,1
,1
,1
,1
,1
쳯,1
̳,1
,1
ɱ,1
,1
˵,1
,1
,1
,1
ѧ,1
ѧ,1
,1
,1
ܱ,1
,1
C,1
08,1
89¼,1
δδ,1
Ϲ,1
,1
ܽ,1
,1
¹,1
Ԫ,1
ŵӡ,1
ֹ,1
,1
,1
,1
,1
,1
ȿ,1
Ƽ,1
,1
,1
,1
,1
,1
,1
ҫ,1
淫,1
,1
,1
,1
Ұ,1
,1
,1
,1
̫,1
̫,1
,1
,1
Ӱ,1
ųί,1
־,1
,1
ǿ,1
,1
Դ,1
ս,1
쵼,1
,1
ƻ,1
,1
ɽ,1
¬չ,1
÷˱,1
Ͻ,1
,1
Ǯ¼,1
ʮ˴,1
Ӣ,1
̫ӵ,1
˳,1
,1
,1
ɽ,1
׹,1
Ա,1
·,1
,1
ұ,1
ϰƽ,1
ϰ,1
ı,1
ȵ۽,1
,1
Ӱ,1
,1
ŵ½,1
Ÿ,1
,1
,1
,1
,1
,1
,1
F,1
ת,1
,1
T,1
319,1
64 ѧ,1
عǿ ,1
 ,1
 ,1
 ,1
 ,1
8,1
¼ұ ,1
ϰƽ ,1
 ,1
,1
ӱ,1
,1
Ҿ,1
,1
¹֮,1
Ǽ,1
ά,1
,1
з,1
ڶ,1
ʮ,1
ƺ¼,1
ǿ  ,1
,1
ĵ,1
ɣɣ,1
֮,1
ī,1
𹲷,1
ȫ,1
,1
,1
й,1
,1
޽,1
޽,1
,1
ϣ,1
  ,1
,1
ض,1
֮,1
½,1
,1
һ,1
һ˽,1
һִ,1
һר,1
й,1
й߲,1
йå,1
89 찲,1
liuxiaobo,1
 Է,1
 ,1
 ,1
 ,1
ƺ ¼,1
 ,1
 ѧ,1
 ,1
й ,1
Ӣ ,1
jiangzemin,1
,1
Ļ,1
ά,1
ҷǽ,1
ë,1
ë¹,1
򻨸,1
˶,1
찲¼,1
Ա,1
ί,1
ξֳί,1
ܲθܳ,1
 ,1
 ,1
ҽ Ǩ,1
 ,1
 ,1
찲 ̹,1
гΣ,1
Ǿ,1
ĩİ,1
Ⱦ,1
й,1
Ӷʥ,1
  ,1
ǧ һ,1
8964,1
㽭ǩ,1
ƽ,1
ɱֳ,1
Ҷӭ,1
Ǩ,1
쵼Ļ,1
̽罪ΰ,1
̽ǹ,1
ѧ߽,1
ֻ̹,1
Ҷӭ,1
ϲТŮ,1
 ЭίԱ,1
˴Уƽ,1
۶ ʵ,1
11515 ⳵,1
񱻿,1
ϵί,1
жͣ,1
200,1
ά ,1
 ,1
ʫ ,1
 Ӧ,1
¼ ε,1
¼ұ 27,1
Ӱ¼,1
¼ ʲ700,1
,1
¼ұ,1
 ,1
Դ,1
,1
64,1
ΰ,1
Ϻܷ籩Ļ,1
Ȩ,1
й򻨸,1
Ⱥͽ,1
 ѹ,1
֣,1
ǴйѹNTDTV,1
йƽ,1
ͮ,1
,1
ͮ,1
ϻй,1
˵ΰ,1
Է,1
ϰܷ,1
ϰְܾ,1
ʮ˳ίĻ,1
һ¼,1
¼,1
 ,1
ͬԷ,1
F,1
 ,1
 ϴǮ,1
޸ 27,1
ƻİ,1
ȸ,1
ϰŮ,1
 Ĩϰ,1
 ,1
Ѫϴ,1
¿,1
ά忳,1
ﱩ,1
ѧڹ,1
 Ļ,1
ϵ,1
,1
,1
ϰ,1
ýԤ,1
ۼ ϵ,1
 ,1
˾,1
йǷ,1
ƵΣ,1
ϣͬ,1
κ64,1
ص ,1
½˶,1
 ,1
˵,1
ռǡ,1
۰˾,1
 ,1
Ͻȥ,1
ά԰64,1
а˾,1
Դ,1
 ,1
򵽹,1
Ԫ,1
Ԫ˵,1
С͵½,1
سͻ³ľ,1
ѹά,1
ͽȺ,1
ؼ610,1
ժȡ,1
89,1
йϵ,1
 ˰,1
Ͻ,1
    ί  ,1
̫ӱ,1
йش,1
й,1
..ɱ,1
鿡 ܻ,1
Ȩ,1
йε̨,1
ίȨ,1
,1
߲Ļ,1
г ,1
 ֱ,1
ư,1
 ,1
йʢѩŮʿ,1
..,1
߻й,1
,1
ɱһŰ˾,1
Ʒй,1
 ,1
Ļ,1
,1
 ʯԶ,1
 ǲ,1
ĸ ϰ,1
֮С,1
ϰ֮,1
 ,1
ȨĻ,1
Ļ,1
Сƽ,1
Ļ  ,1
,1
֮,1
л,1
ϰ,1
Ļ,1
Ұﷴ,1
̸ַ¼,1
ְ,1
ΰ,1
ϴˢ½,1
Ķ,1
ƽ64й,1
64,1
ʿ,1
˶,1
ѧ쵼,1
ɱ,1
ά԰̳,1
ά԰,1
ƶ,1
,1
ά԰,1
64¼,1
ƽ89,1
ά԰,1
,1
˾,1
İ˾,1
µɧѨ,1
,1
찲Ŵɱ,1
ϳӰۼ,1
йժ,1
±,1
ϰҾ,1
Ķ,1
,1
ƽ,1
йѹ,1
¼;,1
ѧ,1
ͻ¼,1
ά԰,1
64,1
,1
˾ʵ¼,1
й̫ӵ,1
,1
ά԰,1
,1
Ĵ¼,1
֧ͨѶ,1
Ķʮ,1
,1
й,1
й,1
𹲲,1
å,1
й,1
Ʒ,1
ϺȨ,1
,1
,1
,1
йı,1
,1
й峡ռ,1
йĻ,1
йй,1
й,1
,1
,1
 ,1
 ǽ,1
Ļ,1
Ȩй,1
¼,1
֮,1
ϵ,1
,1
һŰ˾ ĺ,1
й ̫ӵ,1
 ܶ,1
½¼,1
鷲 й,1
ϵ,1
찲ļ,1
Ϸ ҽ,1
ѹ ,1
,1
 ƽ,1
̫ӵ й,1
 9ping,1
 ,1
9 ,1
й,1
й,1
̹ ,1
ά,1
 NTDTV,1
 ޽,1
 ̫ӵ,1
񱨶̬,1
찲1989,1
һ ,1
 ռ,1
˵ й,1
Ӱ,1
Ϻ Ļ,1
йѹ,1
й,1
 ,1
ϻ й,1
ϣͬ,1
ռ,1
˾,1
ѹά,1
ͽ Ⱥ,1
й,1
й̨,1
Сƽ ,1
 ,1
ϰϺ,1
й̫,1
˾,1
عй,1
,1
ƽ ֹ,1
˵,1
¼ұƲ,1
й ,1
йб,1
 ,1
 ,1
֮ ,1
찲 ½,1
 찲,1
 10,1
̹Ź,1
һ,1
й,1
¼ ʲ,1
־,1
ֶ,1
Ⱥͽ,1
 ,1
κ,1
Ԫ ˵,1
˰,1
г,1
Ʒ ,1
,1
ǹ,1
,1
ʳ,1
ѧ̹,1
򵹹,1
йͳ,1
йڰ,1
йȺ,1
ִ,1
ֵ,1
ת,1
й ϴ,1
ժ  ,1
ժ ѧԱ ,1
 Ϸ,1
̨,1
й̨,1
йڶ,1
йȨ,1
