keyword,list_qq
bitch,1
shit,1
falun,1
sex,1
tianwang,1
cdjp,1
av,1
bignews,1
boxun,1
chinaliberal,1
chinamz,1
chinesenewsnet,1
cnd,1
creaders,1
dafa,1
dajiyuan,1
dfdz,1
dpp,1
falu,1
falun,1
falundafa,1
flg,1
freechina,1
freedom,1
freenet,1
fuck,1
GCD,1
gcd,1
hongzhi,1
hrichina,1
huanet,1
hypermart,1
incest,1
jiangdongriji,1
lihongzhi,1
making,1
minghui,1
minghuinews,1
nacb,1
naive,1
nmis,1
paper,1
peacehall,1
playboy,1
renminbao,1
renmingbao,1
rfa,1
safeweb,1
sex,1
simple,1
svdc,1
taip,1
tibetalk,1
triangle,1
triangleboy,1
UltraSurf,1
unixbox,1
ustibet,1
voa,1
voachinese,1
wangce,1
wstaiji,1
xinsheng,1
yuming,1
zhengjian,1
zhengjianwang,1
zhenshanren,1
zhuanfalun,1
bitch,1
fuck,1
shit,1
,1
һ,1
൳,1
,1
ר,1
з,1
ο,1
,1
ɫ,1
,1
ڿ,1
׿,1
˽,1
ˬ,1
̬,1
,1
ʹ,1
,1
ʹ,1
,1
ʹ,1
,1
ʹ,1
ͬ,1
,1
찮,1
Խ,1
԰,1
,1
,1
,1
,1
,1
ձ,1
,1
Ҳ,1
,1
鷿,1
,1
,1
,1
,1
,1
,1
,1
,1
ⶴ,1
,1
,1
غ,1
ͱ,1
ͱ,1
,1
,1
,1
,1
,1
,1
,1
Ů,1
侫,1
ڽ,1
,1
,1
ƨ,1
,1
,1
,1
ͷ,1
ë,1
,1
,1
󼦰,1
Ը߳,1
Ű,1
Ը߳,1
,1
,1
Ԫ,1
,1
,1
,1
־,1
־,1
,1
,1
,1
,1
,1
,1
,1
,1
,1
,1
ֹ,1
ֹ,1
ֹ,1
ٹ,1
ٹ,1
ٹ,1
۹,1
۹,1
۹,1
׹,1
׹,1
׹,1
,1
,1
,1
̨,1
,1
,1
,1
찲,1
,1
ݻ,1
F,1
,1
,1
,1
κ,1
̨,1
ض,1
ض,1
,1
½,1
,1
,1
,1
Сƽ,1
,1
ñ,1
,1
侯,1
,1
,1
,1
̾,1
ҹܻ,1
,1
,1
׳,1
,1
̨,1
,1
ǹ,1
,1
,1
Զ,1
˾,1
߸,1
߸ӵ,1
߸Ů,1
˴,1
ξ,1
,1
,1
׾,1
,1
Ӣ,1
찲,1
Է,1
ƭ,1
è,1
,1
峣,1
ا,1
,1
¼ұ,1
,1
,1
ƾ,1
޸,1
,1
,1
ר,1
,1
,1
һh,1
h,1
,1
,1
з,1
ο,1
ʒ,1
ɫ,1
,1
ѝ,1
ѝ,1
˽̎,1
ˬ,1
׃B,1
,1
ʹ,1
,1
ʹ,1
,1
ʹ,1
,1
ʹ,1
ͬ,1
,1
,1
Խ,1
Ԑ,1
,1
,1
,1
,1
,1
ձ,1
u,1
Ҳ,1
,1
鷿,1
o,1
ꖾ,1
_,1
T,1
ꎵ,1
ꎵ,1
,1
,1
ⶴ,1
ʎD,1
,1
غ,1
ͱ,1
ͱ,1
,1
,1
,1
,1
,1
,1
,1
Ů,1
侫,1
ڽ,1
ƨ,1
ꎑ,1
T,1
w,1
^,1
ë,1
,1
㋌,1
u,1
Ը߳,1
Ű,1
Ը߳,1
,1
,1
oԪ,1
,1
,1
,1
־,1
t־,1
,1
t,1
݆,1
Փ,1
S,1
,1
l݆,1
lՓ,1
lS,1
l,1
݆,1
݆,1
݆,1
S,1
S,1
S,1
Փ,1
Փ,1
Փ,1
,1
,1
,1
,1
\\,1
,1
̨,1
,1
,1
i,1
찲T,1
,1
ݻ,1
g,1
L,1
h,1
\\,1
κ,1
_,1
ت,1
ت,1
,1
½,1
,1
,1
,1
Сƽ,1
,1
wñ,1
,1
侯,1
,1
,1
,1
̾,1
ҹ,1
,1
,1
L,1
ӛ,1
̨,1
,1
ǹ,1
,1
y,1
h,1
˾,1
ߎ,1
ߎӵ,1
ߎŮ,1
˴,1
ξ,1
,1
SM,1
܊,1
֪z,1
찲T,1
Է,1
_,1
؈,1
,1
峣,1
ا,1
y,1
ؼҌ,1
ǰ,1
ct,1
S,1
_,1
Zc,1
,1
u,1
˾,1
,1
ͺ,1
,1
,1
Ƥ,1
,1
,1
ͮ,1
,1
,1
ǵ̳,1
,1
,1
֮,1
̳,1
Ѷ,1
̳,1
ض,1
ܳ,1
ܸմ,1
,1
,1
±,1
¾,1
,1
ƿ,1
ϣͬ,1
Сͬ,1
,1
һ,1
ͳ,1
̿,1
,1
,1
ٺ,1
ֲͬ,1
,1
໯,1
̳,1
,1
ο,1
,1
Ԫ,1
Ԫ,1
԰,1
̳,1
ʷ,1
ʷ,1
ʷ,1
й̳,1
л̳,1
,1
,1
,1
ǻ,1
Цƶ,1
,1
½̻,1
¿,1
,1
Ĵ,1
å,1
㵺,1
ظ,1
Ԫ,1
,1
,1
ʱ,1
ʱ,1
̸,1
,1
˹̹,1
ϱ̳,1
,1
,1
,1
,1
̨,1
Ǹ,1
ά,1
,1
,1
,1
,1
,1
,1
,1
,1
,1
,1
,1
ʮʮ,1
ʮʮ,1
,1
ع,1
,1
̳,1
,1
,1
,1
,1
֮,1
,1
̳,1
쳵,1
,1
ּ,1
,1
̫ƽ,1
,1
̳,1
ӵ,1
ɱ,1
붫,1
Ӣ,1
չǧַ,1
,1
,1
־,1
߹,1
ǫ,1
н,1
հ,1
,1
,1
,1
蹦̵,1
,1
˳,1
,1
,1
,1
,1
,1
,1
,1
׿,1
ͨ,1
,1
,1
޻,1
ƽ,1
һ,1
Ұȫ,1
һ,1
,1
,1
,1
,1
,1
ε,1
,1
,1
,1
ɫֲ,1
귨,1
鴫,1
,1
ʤ,1
־,1
,1
,1
,1
,1
,1
ƽ,1
,1
,1
,1
,1
ͨʱ̳,1
ժ,1
̳,1
ʱ̳,1
ƴƼ,1
ƻ,1
ƾ,1
ƾա,1
,1
񱩶,1
ڹ,1
ëĻ,1
ʤ,1
˹,1
,1
,1
͢,1
̨,1
,1
core,1
˵,1
å,1
,1
,1
,1
Ϸ,1
,1
,1
,1
,1
,1
,1
,1
,1
ϱ,1
ϯ,1
,1
,1
,1
,1
,1
,1
ϱ,1
,1
Ժ,1
Ӱ,1
,1
Ң,1
,1
,1
,1
־,1
й,1
,1
,1
Ͷ,1
͸,1
ͽ,1
Ͻ,1
ë,1
,1
谲,1
,1
ʦ,1
ǻ,1
,1
־,1
,1
,1
,1
,1
ʦ,1
¼,1
»,1
,1
,1
,1
,1
,1
ı,1
С,1
С,1
,1
־,1
,1
ͳ,1
ʤ,1
,1
̳,1
,1
,1
,1
ϵ,1
̳,1
й,1
,1
ᱨ,1
,1
,1
ֱ,1
ֳʢ,1
,1
,1
,1
,1
,1
,1
,1
,1
,1
,1
ǧʯ,1
,1
ɽ,1
ʿ,1
ʤ,1
,1
,1
,1
,1
,1
,1
½ί,1
,1
,1
չ,1
׹,1
ִ,1
ֹ,1
ּ,1
޸,1
ʫ,1
ά,1
,1
,1
ʱ,1
,1
ë޶,1
ëƬ,1
ë,1
ο,1
֮,1
ɶ,1
ɹŶ,1
Ѩ,1
,1
,1
,1
,1
,1
̳,1
,1
,1
,1
,1
ǽ,1
ì,1
,1
Īΰǿ,1
ľϬ,1
ľ̳,1
ϴ̳,1
,1
,1
˵˵̳,1
˹ƽ,1
ĭ,1
Ⱥ,1
,1
ī,1
Ǯ,1
Ǯ,1
Ǯ,1
,1
ʯ,1
,1
,1
ձ,1
ؽ,1
,1
ۿѶ,1
鸾,1
,1
ȫ,1
ȱ,1
վ,1
,1
,1
ʵ,1
̳֮,1
Ȩ,1
,1
߽,1
ʿڴѧ,1
ɫ,1
ƶб,1
Ϻ,1
Ϻ¶Ժ,1
ۼҽ,1
侫,1
ͨӳַ,1
ͮ,1
,1
ʢ,1
ʢѩ,1
ʦ,1
ʯ,1
ʱ̳,1
ʱ̳,1
羭õ,1
ʵ,1
˫ʮ,1
ˮ,1
˰,1
˾,1
˾,1
˾ͽ,1
˹ŵ,1
Ĵ,1
xx,1
ƽ,1
Ԫ,1
Ӣ,1
,1
,1
̨,1
̨,1
̨,1
̨幷,1
̨彨˶֯,1
̨,1
̨,1
̨,1
̫ӵ,1
,1
ư,1
ƽ,1
,1
찲¼Ӱ,1
찲¼,1
찲ɱ,1
찲һ,1
ŭ,1
,1
ͯ,1
ͳ,1
ͳ̳,1
ͳս,1
ɱ,1
⽻̳,1
⽻뷽,1
,1
ά̳,1
,1
,1
ɭ,1
,1
,1
,1
,1
,1
,1
,1
,1
,1
,1
,1
,1
,1
ϣ,1
,1
ұƺ,1
,1
ξ,1
κ,1
κ,1
¼ұ,1
Ԫ,1
ĸ,1
޽,1
,1
,1
ⷽ,1
,1
,1
,1
ʻ,1
ѧ,1
ѧ,1
ϣ,1
岻,1
鷲,1
,1
ض,1
ϴ,1
,1
,1
С,1
Сο,1
Фǿ,1
а,1
л͢,1
лѡ,1
л֮,1
,1
¹۲̳,1
»ٱ,1
»,1
»̳ͨ,1
½,1
,1
ŷ,1
˿,1
Σ,1
,1
,1
,1
,1
,1
ź,1
,1
ˮ,1
,1
Ѧΰ,1
ѧ,1
ѧ,1
ѧϰ,1
ѧ,1
ѧ,1
ѩɽʨ,1
ϼ,1
ϼ,1
,1
,1
ڲ,1
,1
,1
Ρ,1
,1
,1
Ҧǫ,1
ҹϽ,1
һһ̨,1
,1
ෲ,1
ʿ,1
ʿ,1
׵,1
־,1
Ѩ,1
,1
ϲ,1
,1
׳,1
Ů,1
ڴ,1
ںƳ,1
Ӣʱ,1
,1
۷,1
,1
Բ,1
Զ־,1
,1
ʮ,1
,1
,1
,1
,1
,1
,1
Ų,1
Ÿ,1
ź걤,1
Ž,1
,1
,1
ΰ,1
Ѹ,1
־,1
Ժ,1
,1
Ʒº,1
΢,1
,1
,1
,1
,1
,1
ѹ,1
̳,1
,1
嵳̳,1
֣,1